[
  {
    "id": "06c0bcba-ce28-4702-8495-440ac9bb94c9",
    "data": [
      {
        "text": "tell me the price of ",
        "userDefined": false
      },
      {
        "text": "bitcoin",
        "alias": "coinname",
        "meta": "@coinname",
        "userDefined": false
      }
    ],
    "isTemplate": false,
    "count": 0,
    "updated": 0
  },
  {
    "id": "d241797e-67d6-4979-9311-5f0d666581e3",
    "data": [
      {
        "text": "Quote me for ",
        "userDefined": false
      },
      {
        "text": "smartcoin",
        "alias": "coinname",
        "meta": "@coinname",
        "userDefined": true
      }
    ],
    "isTemplate": false,
    "count": 0,
    "updated": 0
  },
  {
    "id": "6d396d22-d3a0-4208-9295-d05c19a1288a",
    "data": [
      {
        "text": "How much is ",
        "userDefined": false
      },
      {
        "text": "litecoin",
        "alias": "coinname",
        "meta": "@coinname",
        "userDefined": true
      }
    ],
    "isTemplate": false,
    "count": 0,
    "updated": 0
  },
  {
    "id": "62c5d219-e0e1-4c9c-8b04-b05ba0c2f134",
    "data": [
      {
        "text": "what is the price of ",
        "userDefined": false
      },
      {
        "text": "bitcoin",
        "alias": "coinname",
        "meta": "@coinname",
        "userDefined": true
      }
    ],
    "isTemplate": false,
    "count": 0,
    "updated": 0
  }
]